INQ_YMD,PDLT_CODE,PDLT_NM,NTT_CN,NMYR_RATE,BFRT_RATE,WHSL_DAIL_PRCE,WHSL_TDP,WHSL_BFRT_PRCE,WHSL_BF_TDP,WHSL_PVYR_TDP,WHSL_NMYR_TDP,WHSL_DAIL_CRSS_STEP_NM,WHSL_DAIL_FMF_CTNU_CRSS_NBOT,WHSL_DAIL_FMF_CRSS_STEP_CODE,WHSL_TDBM_CRSS_STEP_NM,WHSL_TDBM_FMF_CRSS_STEP_CODE,WHSL_TDBM_FMF_CTNU_CRSS_NBOT,WHSL_MM_CRSS_STEP_NM,WHSL_MM_FMF_CRSS_STEP_CODE,WHSL_BF_YMD,WHSL_BF_TDBM_MM,WHSL_BF_TDBM_NM,WHSL_TDBM_MM,WHSL_TDBM_NM,WHSL_YMD,RTSL_DAIL_PRCE,RTSL_TDP,RTSL_BFRT_PRCE,RTSL_BF_TDP,RTSL_PVYR_TDP,RTSL_NMYR_TDP,RTSL_DAIL_CRSS_STEP_NM,RTSL_DAIL_FMF_CTNU_CRSS_NBOT,RTSL_DAIL_FMF_CRSS_STEP_CODE,RTSL_TDBM_CRSS_STEP_NM,RTSL_TDBM_FMF_CRSS_STEP_CODE,RTSL_TDBM_FMF_CTNU_CRSS_NBOT,RTSL_MM_CRSS_STEP_NM,RTSL_MM_FMF_CRSS_STEP_CODE,RTSL_BF_YMD,RTSL_BF_TDBM_MM,RTSL_BF_TDBM_NM,RTSL_TDBM_MM,RTSL_TDBM_NM,RTSL_YMD,ETL_LDG_DT
20260201,1001,배추,0,26.133,-2.249,2949.333,2982.458,3015.667,3201.000,4958.500,2338.000,안정,6.000,04,안정,04,1.000,상승심각,07,20260130,01,하순,02,상순,20260131,4911.667,4670.833,4917.500,4845.000,5073.344,3501.000,,0.000,,,,0.000,,,20260129,01,하순,02,상순,20260130,20260222220002
20260201,1101,무,0,30.071,-0.603,1475.300,1501.750,1484.200,1385.000,3026.250,1134.000,상승주의,5.000,05,상승주의,05,1.000,안정,04,20260130,01,하순,02,상순,20260131,2119.722,2002.941,2114.167,2109.000,3031.122,1889.000,,0.000,,,,0.000,,,20260129,01,하순,02,상순,20260130,20260222220002
20260201,1207,건고추,0,0.645,0.000,13104.000,13104.000,13104.000,13104.000,13092.000,13020.000,안정,145.000,04,안정,04,1.000,안정,04,20260129,01,하순,02,상순,20260130,17047.826,17059.006,17047.826,16982.000,17747.826,17539.000,,0.000,,,,0.000,,,20260129,01,하순,02,상순,20260130,20260222220002
20260201,1209,마늘,0,7.105,0.000,8050.000,8050.000,8050.000,8050.000,7454.167,7516.000,안정,102.000,04,안정,04,1.000,안정,04,20260129,01,하순,02,상순,20260130,10979.200,10555.171,11107.000,11060.000,10508.867,10907.000,,0.000,,,,0.000,,,20260129,01,하순,02,상순,20260130,20260222220002
20260201,1201,양파,0,-27.619,1.518,988.000,987.500,973.000,1022.000,1505.875,1365.000,하락주의,3.000,03,안정,04,1.000,안정,04,20260130,01,하순,02,상순,20260131,2286.600,2215.143,2298.200,2360.000,2751.567,2477.000,,0.000,,,,0.000,,,20260129,01,하순,02,상순,20260130,20260222220002
20260201,1202,대파,0,-39.736,4.378,1462.000,1658.125,1398.000,1468.000,2027.000,2426.000,안정,1.000,04,안정,04,1.000,안정,04,20260130,01,하순,02,상순,20260131,5031.951,5238.037,5035.854,5197.000,7307.867,6641.000,,0.000,,,,0.000,,,20260129,01,하순,02,상순,20260130,20260222220002
20260202,1001,배추,0,32.506,4.809,3098.333,2982.458,2949.333,3201.000,4958.500,2338.000,안정,7.000,04,안정,04,1.000,안정,04,20260131,01,하순,02,상순,20260202,4635.208,4670.833,4911.667,4845.000,5073.344,3501.000,,0.000,,,,0.000,,,20260130,01,하순,02,상순,20260202,20260223074503
20260202,1101,무,0,29.894,-0.156,1473.000,1501.750,1475.300,1385.000,3026.250,1134.000,상승주의,6.000,05,상승주의,05,1.000,상승경계,06,20260131,01,하순,02,상순,20260202,2023.947,2002.941,2119.722,2109.000,3031.122,1889.000,,0.000,,,,0.000,,,20260130,01,하순,02,상순,20260202,20260223074503
20260202,1207,건고추,0,0.645,0.000,13104.000,13104.000,13104.000,13104.000,13092.000,13020.000,안정,145.000,04,안정,04,1.000,안정,04,20260129,01,하순,02,상순,20260130,17047.826,17059.006,17047.826,16982.000,17747.826,17539.000,,0.000,,,,0.000,,,20260129,01,하순,02,상순,20260130,20260223074503
20260202,1209,마늘,0,7.105,0.000,8050.000,8050.000,8050.000,8050.000,7454.167,7516.000,안정,102.000,04,안정,04,1.000,안정,04,20260129,01,하순,02,상순,20260130,10979.200,10555.171,11107.000,11060.000,10508.867,10907.000,,0.000,,,,0.000,,,20260129,01,하순,02,상순,20260130,20260223074503
20260202,1201,양파,0,-26.886,1.002,998.000,987.500,988.000,1022.000,1505.875,1365.000,하락주의,4.000,03,하락주의,03,1.000,하락경계,02,20260131,01,하순,02,상순,20260202,2347.800,2215.143,2286.600,2360.000,2751.567,2477.000,,0.000,,,,0.000,,,20260130,01,하순,02,상순,20260202,20260223074503
20260202,1202,대파,0,-36.356,5.311,1544.000,1658.125,1462.000,1468.000,2027.000,2426.000,안정,2.000,04,안정,04,1.000,안정,04,20260131,01,하순,02,상순,20260202,5013.333,5238.037,5031.951,5197.000,7307.867,6641.000,,0.000,,,,0.000,,,20260130,01,하순,02,상순,20260202,20260223074503
20260203,1001,배추,0,30.582,-1.496,3052.667,2982.458,3098.333,3201.000,4958.500,2338.000,안정,8.000,04,안정,04,1.000,안정,04,20260202,01,하순,02,상순,20260203,4637.292,4670.833,4635.208,4845.000,5073.344,3501.000,,0.000,,,,0.000,,,20260202,01,하순,02,상순,20260203,20260223131502
20260203,1101,무,0,37.390,5.474,1558.300,1501.750,1473.000,1385.000,3026.250,1134.000,상승경계,1.000,06,상승주의,05,1.000,상승경계,06,20260202,01,하순,02,상순,20260203,2008.750,2002.941,2023.947,2109.000,3031.122,1889.000,,0.000,,,,0.000,,,20260202,01,하순,02,상순,20260203,20260223131502
20260203,1207,건고추,0,0.645,0.000,13104.000,13104.000,13104.000,13104.000,13092.000,13020.000,안정,146.000,04,안정,04,1.000,안정,04,20260130,01,하순,02,상순,20260202,17047.826,17059.006,17047.826,16982.000,17747.826,17539.000,,0.000,,,,0.000,,,20260130,01,하순,02,상순,20260202,20260223131502
20260203,1209,마늘,0,7.105,0.000,8050.000,8050.000,8050.000,8050.000,7454.167,7516.000,안정,103.000,04,안정,04,1.000,안정,04,20260130,01,하순,02,상순,20260202,10650.800,10555.171,10979.200,11060.000,10508.867,10907.000,,0.000,,,,0.000,,,20260130,01,하순,02,상순,20260202,20260223131502
20260203,1201,양파,0,-29.084,-3.099,968.000,987.500,998.000,1022.000,1505.875,1365.000,하락주의,5.000,03,하락주의,03,1.000,하락경계,02,20260202,01,하순,02,상순,20260203,2342.600,2215.143,2347.800,2360.000,2751.567,2477.000,,0.000,,,,0.000,,,20260202,01,하순,02,상순,20260203,20260223131502
20260203,1202,대파,0,-37.098,-1.180,1526.000,1658.125,1544.000,1468.000,2027.000,2426.000,안정,3.000,04,안정,04,1.000,안정,04,20260202,01,하순,02,상순,20260203,5170.610,5238.037,5013.333,5197.000,7307.867,6641.000,,0.000,,,,0.000,,,20260202,01,하순,02,상순,20260203,20260223131502
20260204,1001,배추,0,22.156,-6.874,2856.333,2982.458,3052.667,3201.000,4958.500,2338.000,안정,9.000,04,안정,04,1.000,안정,04,20260203,01,하순,02,상순,20260204,4639.167,4670.833,4637.292,4845.000,5073.344,3501.000,,0.000,,,,0.000,,,20260203,01,하순,02,상순,20260204,20260223203003
20260204,1101,무,0,30.776,-5.056,1483.300,1501.750,1558.300,1385.000,3026.250,1134.000,상승주의,1.000,05,상승주의,05,1.000,상승경계,06,20260203,01,하순,02,상순,20260204,2012.000,2002.941,2008.750,2109.000,3031.122,1889.000,,0.000,,,,0.000,,,20260203,01,하순,02,상순,20260204,20260223203003
20260204,1207,건고추,0,0.645,0.000,13104.000,13104.000,13104.000,13104.000,13092.000,13020.000,안정,147.000,04,안정,04,1.000,안정,04,20260202,01,하순,02,상순,20260203,17060.870,17059.006,17047.826,16982.000,17747.826,17539.000,,0.000,,,,0.000,,,20260202,01,하순,02,상순,20260203,20260223203003
20260204,1209,마늘,0,7.105,0.000,8050.000,8050.000,8050.000,8050.000,7454.167,7516.000,안정,104.000,04,안정,04,1.000,안정,04,20260202,01,하순,02,상순,20260203,10745.600,10555.171,10650.800,11060.000,10508.867,10907.000,,0.000,,,,0.000,,,20260202,01,하순,02,상순,20260203,20260223203003
20260204,1201,양파,0,-28.278,1.124,979.000,987.500,968.000,1022.000,1505.875,1365.000,하락주의,6.000,03,하락주의,03,1.000,하락경계,02,20260203,01,하순,02,상순,20260204,2341.000,2215.143,2342.600,2360.000,2751.567,2477.000,,0.000,,,,0.000,,,20260203,01,하순,02,상순,20260204,20260223203003
20260204,1202,대파,0,-35.903,1.865,1555.000,1658.125,1526.000,1468.000,2027.000,2426.000,안정,4.000,04,안정,04,1.000,안정,04,20260203,01,하순,02,상순,20260204,5128.415,5238.037,5170.610,5197.000,7307.867,6641.000,,0.000,,,,0.000,,,20260203,01,하순,02,상순,20260204,20260223203003
20260205,1001,배추,0,30.240,6.206,3045.333,2982.458,2856.333,3201.000,4958.500,2338.000,안정,10.000,04,안정,04,1.000,안정,04,20260204,01,하순,02,상순,20260205,4641.458,4670.833,4639.167,4845.000,5073.344,3501.000,,0.000,,,,0.000,,,20260204,01,하순,02,상순,20260205,20260224013003
20260205,1101,무,0,24.691,-4.879,1414.300,1501.750,1483.300,1385.000,3026.250,1134.000,상승주의,2.000,05,상승주의,05,1.000,상승경계,06,20260204,01,하순,02,상순,20260205,1951.500,2002.941,2012.000,2109.000,3031.122,1889.000,,0.000,,,,0.000,,,20260204,01,하순,02,상순,20260205,20260224013003
20260205,1207,건고추,0,0.645,0.000,13104.000,13104.000,13104.000,13104.000,13092.000,13020.000,안정,148.000,04,안정,04,1.000,안정,04,20260203,01,하순,02,상순,20260204,17060.870,17059.006,17060.870,16982.000,17747.826,17539.000,,0.000,,,,0.000,,,20260203,01,하순,02,상순,20260204,20260224013003
20260205,1209,마늘,0,7.105,0.000,8050.000,8050.000,8050.000,8050.000,7454.167,7516.000,안정,105.000,04,안정,04,1.000,안정,04,20260203,01,하순,02,상순,20260204,10745.600,10555.171,10745.600,11060.000,10508.867,10907.000,,0.000,,,,0.000,,,20260203,01,하순,02,상순,20260204,20260224013003
20260205,1201,양파,0,-26.007,3.069,1010.000,987.500,979.000,1022.000,1505.875,1365.000,하락주의,7.000,03,하락주의,03,1.000,하락경계,02,20260204,01,하순,02,상순,20260205,2102.600,2215.143,2341.000,2360.000,2751.567,2477.000,,0.000,,,,0.000,,,20260204,01,하순,02,상순,20260205,20260224013003
20260205,1202,대파,0,-37.345,-2.303,1520.000,1658.125,1555.000,1468.000,2027.000,2426.000,안정,5.000,04,안정,04,1.000,안정,04,20260204,01,하순,02,상순,20260205,5163.049,5238.037,5128.415,5197.000,7307.867,6641.000,,0.000,,,,0.000,,,20260204,01,하순,02,상순,20260205,20260224013003
20260206,1001,배추,0,21.514,-7.180,2841.333,2982.458,3045.333,3201.000,4958.500,2338.000,안정,11.000,04,안정,04,1.000,안정,04,20260205,01,하순,02,상순,20260206,4634.375,4670.833,4641.458,4845.000,5073.344,3501.000,,0.000,,,,0.000,,,20260205,01,하순,02,상순,20260206,20260224091503
20260206,1101,무,0,26.014,1.043,1429.200,1501.750,1414.300,1385.000,3026.250,1134.000,상승주의,3.000,05,상승주의,05,1.000,상승경계,06,20260205,01,하순,02,상순,20260206,1988.049,2002.941,1951.500,2109.000,3031.122,1889.000,,0.000,,,,0.000,,,20260205,01,하순,02,상순,20260206,20260224091503
20260206,1207,건고추,0,0.645,0.000,13104.000,13104.000,13104.000,13104.000,13092.000,13020.000,안정,149.000,04,안정,04,1.000,안정,04,20260204,01,하순,02,상순,20260205,17060.870,17059.006,17060.870,16982.000,17747.826,17539.000,,0.000,,,,0.000,,,20260204,01,하순,02,상순,20260205,20260224091503
20260206,1209,마늘,0,7.105,0.000,8050.000,8050.000,8050.000,8050.000,7454.167,7516.000,안정,106.000,04,안정,04,1.000,안정,04,20260204,01,하순,02,상순,20260205,10211.200,10555.171,10745.600,11060.000,10508.867,10907.000,,0.000,,,,0.000,,,20260204,01,하순,02,상순,20260205,20260224091503
20260206,1201,양파,0,-28.571,-3.590,975.000,987.500,1010.000,1022.000,1505.875,1365.000,하락주의,8.000,03,하락주의,03,1.000,하락경계,02,20260205,01,하순,02,상순,20260206,2098.800,2215.143,2102.600,2360.000,2751.567,2477.000,,0.000,,,,0.000,,,20260205,01,하순,02,상순,20260206,20260224091503
20260206,1202,대파,0,-32.481,7.204,1638.000,1658.125,1520.000,1468.000,2027.000,2426.000,안정,6.000,04,안정,04,1.000,안정,04,20260205,01,하순,02,상순,20260206,5286.098,5238.037,5163.049,5197.000,7307.867,6641.000,,0.000,,,,0.000,,,20260205,01,하순,02,상순,20260206,20260224091503
20260207,1001,배추,0,23.909,1.910,2896.667,2982.458,2841.333,3201.000,4958.500,2338.000,안정,12.000,04,안정,04,1.000,안정,04,20260206,01,하순,02,상순,20260207,4634.375,4670.833,4641.458,4845.000,5073.344,3501.000,,0.000,,,,0.000,,,20260205,01,하순,02,상순,20260206,20260224150003
20260207,1101,무,0,30.247,3.236,1477.000,1501.750,1429.200,1385.000,3026.250,1134.000,상승주의,4.000,05,상승주의,05,1.000,상승경계,06,20260206,01,하순,02,상순,20260207,1988.049,2002.941,1951.500,2109.000,3031.122,1889.000,,0.000,,,,0.000,,,20260205,01,하순,02,상순,20260206,20260224150003
20260207,1207,건고추,0,0.645,0.000,13104.000,13104.000,13104.000,13104.000,13092.000,13020.000,안정,150.000,04,안정,04,1.000,안정,04,20260205,01,하순,02,상순,20260206,17060.870,17059.006,17060.870,16982.000,17747.826,17539.000,,0.000,,,,0.000,,,20260205,01,하순,02,상순,20260206,20260224150003
20260207,1209,마늘,0,7.105,0.000,8050.000,8050.000,8050.000,8050.000,7454.167,7516.000,안정,107.000,04,안정,04,1.000,안정,04,20260205,01,하순,02,상순,20260206,10211.200,10555.171,10211.200,11060.000,10508.867,10907.000,,0.000,,,,0.000,,,20260205,01,하순,02,상순,20260206,20260224150003
20260207,1201,양파,0,-28.718,-0.206,973.000,987.500,975.000,1022.000,1505.875,1365.000,하락주의,9.000,03,하락주의,03,1.000,하락경계,02,20260206,01,하순,02,상순,20260207,2098.800,2215.143,2102.600,2360.000,2751.567,2477.000,,0.000,,,,0.000,,,20260205,01,하순,02,상순,20260206,20260224150003
20260207,1202,대파,0,-36.439,-6.226,1542.000,1658.125,1638.000,1468.000,2027.000,2426.000,안정,7.000,04,안정,04,1.000,안정,04,20260206,01,하순,02,상순,20260207,5286.098,5238.037,5163.049,5197.000,7307.867,6641.000,,0.000,,,,0.000,,,20260205,01,하순,02,상순,20260206,20260224150003
20260208,1001,배추,0,23.909,1.910,2896.667,2982.458,2841.333,3201.000,4958.500,2338.000,안정,12.000,04,안정,04,1.000,안정,04,20260206,01,하순,02,상순,20260207,4634.375,4670.833,4641.458,4845.000,5073.344,3501.000,,0.000,,,,0.000,,,20260205,01,하순,02,상순,20260206,20260224204503
20260208,1101,무,0,30.247,3.236,1477.000,1501.750,1429.200,1385.000,3026.250,1134.000,상승주의,4.000,05,상승주의,05,1.000,상승경계,06,20260206,01,하순,02,상순,20260207,1988.049,2002.941,1951.500,2109.000,3031.122,1889.000,,0.000,,,,0.000,,,20260205,01,하순,02,상순,20260206,20260224204503
20260208,1207,건고추,0,0.645,0.000,13104.000,13104.000,13104.000,13104.000,13092.000,13020.000,안정,150.000,04,안정,04,1.000,안정,04,20260205,01,하순,02,상순,20260206,17060.870,17059.006,17060.870,16982.000,17747.826,17539.000,,0.000,,,,0.000,,,20260205,01,하순,02,상순,20260206,20260224204503
20260208,1209,마늘,0,7.105,0.000,8050.000,8050.000,8050.000,8050.000,7454.167,7516.000,안정,107.000,04,안정,04,1.000,안정,04,20260205,01,하순,02,상순,20260206,10211.200,10555.171,10211.200,11060.000,10508.867,10907.000,,0.000,,,,0.000,,,20260205,01,하순,02,상순,20260206,20260224204503
20260208,1201,양파,0,-28.718,-0.206,973.000,987.500,975.000,1022.000,1505.875,1365.000,하락주의,9.000,03,하락주의,03,1.000,하락경계,02,20260206,01,하순,02,상순,20260207,2098.800,2215.143,2102.600,2360.000,2751.567,2477.000,,0.000,,,,0.000,,,20260205,01,하순,02,상순,20260206,20260224204503
20260208,1202,대파,0,-36.439,-6.226,1542.000,1658.125,1638.000,1468.000,2027.000,2426.000,안정,7.000,04,안정,04,1.000,안정,04,20260206,01,하순,02,상순,20260207,5286.098,5238.037,5163.049,5197.000,7307.867,6641.000,,0.000,,,,0.000,,,20260205,01,하순,02,상순,20260206,20260224204503
20260209,1001,배추,0,32.592,6.549,3099.667,2982.458,2896.667,3201.000,4958.500,2338.000,안정,13.000,04,안정,04,1.000,안정,04,20260207,01,하순,02,상순,20260209,4738.750,4670.833,4634.375,4845.000,5073.344,3501.000,,0.000,,,,0.000,,,20260206,01,하순,02,상순,20260209,20260225091503
20260209,1101,무,0,32.892,2.010,1507.300,1501.750,1477.000,1385.000,3026.250,1134.000,상승주의,5.000,05,상승주의,05,1.000,상승경계,06,20260207,01,하순,02,상순,20260209,2016.341,2002.941,1988.049,2109.000,3031.122,1889.000,,0.000,,,,0.000,,,20260206,01,하순,02,상순,20260209,20260225091503
20260209,1207,건고추,0,0.645,0.000,13104.000,13104.000,13104.000,13104.000,13092.000,13020.000,안정,150.000,04,안정,04,1.000,안정,04,20260205,01,하순,02,상순,20260206,17060.870,17059.006,17060.870,16982.000,17747.826,17539.000,,0.000,,,,0.000,,,20260205,01,하순,02,상순,20260206,20260225091503
20260209,1209,마늘,0,7.105,0.000,8050.000,8050.000,8050.000,8050.000,7454.167,7516.000,안정,107.000,04,안정,04,1.000,안정,04,20260205,01,하순,02,상순,20260206,10211.200,10555.171,10211.200,11060.000,10508.867,10907.000,,0.000,,,,0.000,,,20260205,01,하순,02,상순,20260206,20260225091503
20260209,1201,양파,0,-27.253,2.014,993.000,987.500,973.000,1022.000,1505.875,1365.000,하락주의,10.000,03,하락주의,03,1.000,하락경계,02,20260207,01,하순,02,상순,20260209,2124.400,2215.143,2098.800,2360.000,2751.567,2477.000,,0.000,,,,0.000,,,20260206,01,하순,02,상순,20260209,20260225091503
20260209,1202,대파,0,-22.465,18.022,1881.000,1658.125,1542.000,1468.000,2027.000,2426.000,안정,8.000,04,안정,04,1.000,안정,04,20260207,01,하순,02,상순,20260209,5415.366,5238.037,5286.098,5197.000,7307.867,6641.000,,0.000,,,,0.000,,,20260206,01,하순,02,상순,20260209,20260225091503
20260211,1001,배추,0,15.341,8.580,3248.000,2904.778,2969.333,2982.000,4721.042,2816.000,안정,15.000,04,안정,04,1.000,안정,04,20260210,02,상순,02,중순,20260211,4775.833,4890.000,4769.583,4671.000,5158.237,3767.000,,0.000,,,,0.000,,,20260210,02,상순,02,중순,20260211,20260226141503
20260211,1101,무,0,31.614,-5.690,1581.600,1598.617,1671.600,1502.000,2907.250,1202.000,상승경계,2.000,06,상승경계,06,1.000,상승경계,06,20260210,02,상순,02,중순,20260211,2002.927,2153.084,2020.000,2003.000,3255.731,1876.000,,0.000,,,,0.000,,,20260210,02,상순,02,중순,20260211,20260226141503
20260211,1207,건고추,0,0.816,0.000,13104.000,13104.000,13104.000,13104.000,13061.917,12998.000,안정,152.000,04,안정,04,1.000,안정,04,20260209,02,상순,02,중순,20260210,17060.870,17060.870,17060.870,17059.000,17678.788,17514.000,,0.000,,,,0.000,,,20260209,02,상순,02,중순,20260210,20260226141503
20260211,1209,마늘,0,7.606,0.000,8050.000,8050.000,8050.000,8050.000,7235.938,7481.000,안정,109.000,04,안정,04,1.000,안정,04,20260209,02,상순,02,중순,20260210,10659.400,10250.520,10662.400,10555.000,11165.413,11273.000,,0.000,,,,0.000,,,20260209,02,상순,02,중순,20260210,20260226141503
20260211,1201,양파,0,-30.865,-0.501,999.000,1061.667,1004.000,988.000,1567.250,1445.000,하락주의,12.000,03,안정,04,1.000,하락주의,03,20260210,02,상순,02,중순,20260211,2144.600,2170.840,2148.800,2215.000,2753.525,2484.000,,0.000,,,,0.000,,,20260210,02,상순,02,중순,20260211,20260226141503
20260211,1202,대파,0,8.651,15.925,2449.000,2073.833,2059.000,1658.000,2070.125,2254.000,안정,10.000,04,안정,04,1.000,안정,04,20260210,02,상순,02,중순,20260211,5446.829,5879.324,5489.390,5238.000,7343.328,6610.000,,0.000,,,,0.000,,,20260210,02,상순,02,중순,20260211,20260226141503
20260210,1001,배추,0,26.989,-4.389,2969.333,2982.458,3099.667,3201.000,4958.500,2338.000,안정,14.000,04,안정,04,1.000,안정,04,20260209,01,하순,02,상순,20260210,4769.583,4670.833,4738.750,4845.000,5073.344,3501.000,,0.000,,,,0.000,,,20260209,01,하순,02,상순,20260210,20260226193003
20260210,1101,무,0,47.443,9.829,1671.600,1501.750,1507.300,1385.000,3026.250,1134.000,상승경계,1.000,06,상승주의,05,1.000,상승경계,06,20260209,01,하순,02,상순,20260210,2020.000,2002.941,2016.341,2109.000,3031.122,1889.000,,0.000,,,,0.000,,,20260209,01,하순,02,상순,20260210,20260226193003
20260210,1207,건고추,0,0.645,0.000,13104.000,13104.000,13104.000,13104.000,13092.000,13020.000,안정,151.000,04,안정,04,1.000,안정,04,20260206,01,하순,02,상순,20260209,17060.870,17059.006,17060.870,16982.000,17747.826,17539.000,,0.000,,,,0.000,,,20260206,01,하순,02,상순,20260209,20260226193003
20260210,1209,마늘,0,7.105,0.000,8050.000,8050.000,8050.000,8050.000,7454.167,7516.000,안정,108.000,04,안정,04,1.000,안정,04,20260206,01,하순,02,상순,20260209,10662.400,10555.171,10211.200,11060.000,10508.867,10907.000,,0.000,,,,0.000,,,20260206,01,하순,02,상순,20260209,20260226193003
20260210,1201,양파,0,-26.447,1.096,1004.000,987.500,993.000,1022.000,1505.875,1365.000,하락주의,11.000,03,하락주의,03,1.000,하락경계,02,20260209,01,하순,02,상순,20260210,2148.800,2215.143,2124.400,2360.000,2751.567,2477.000,,0.000,,,,0.000,,,20260209,01,하순,02,상순,20260210,20260226193003
20260210,1202,대파,0,-15.128,8.645,2059.000,1658.125,1881.000,1468.000,2027.000,2426.000,안정,9.000,04,안정,04,1.000,안정,04,20260209,01,하순,02,상순,20260210,5489.390,5238.037,5415.366,5197.000,7307.867,6641.000,,0.000,,,,0.000,,,20260209,01,하순,02,상순,20260210,20260226193003
20260212,1001,배추,0,-0.781,-16.235,2794.333,2904.778,3248.000,2982.000,4721.042,2816.000,안정,16.000,04,안정,04,1.000,안정,04,20260211,02,상순,02,중순,20260212,4896.250,4890.000,4775.833,4671.000,5158.237,3767.000,,0.000,,,,0.000,,,20260211,02,상순,02,중순,20260212,20260227101503
20260212,1101,무,0,46.256,10.034,1758.000,1598.617,1581.600,1502.000,2907.250,1202.000,상승경계,3.000,06,상승경계,06,1.000,상승경계,06,20260211,02,상순,02,중순,20260212,2182.250,2153.084,2002.927,2003.000,3255.731,1876.000,,0.000,,,,0.000,,,20260211,02,상순,02,중순,20260212,20260227101503
20260212,1207,건고추,0,0.816,0.000,13104.000,13104.000,13104.000,13104.000,13061.917,12998.000,안정,153.000,04,안정,04,1.000,안정,04,20260210,02,상순,02,중순,20260211,17060.870,17060.870,17060.870,17059.000,17678.788,17514.000,,0.000,,,,0.000,,,20260210,02,상순,02,중순,20260211,20260227101503
20260212,1209,마늘,0,7.606,0.000,8050.000,8050.000,8050.000,8050.000,7235.938,7481.000,안정,110.000,04,안정,04,1.000,안정,04,20260210,02,상순,02,중순,20260211,10717.400,10250.520,10659.400,10555.000,11165.413,11273.000,,0.000,,,,0.000,,,20260210,02,상순,02,중순,20260211,20260227101503
20260212,1201,양파,0,-28.512,3.291,1033.000,1061.667,999.000,988.000,1567.250,1445.000,안정,1.000,04,안정,04,1.000,하락주의,03,20260211,02,상순,02,중순,20260212,1977.000,2170.840,2144.600,2215.000,2753.525,2484.000,,0.000,,,,0.000,,,20260211,02,상순,02,중순,20260212,20260227101503
20260212,1202,대파,0,0.311,-8.315,2261.000,2073.833,2449.000,1658.000,2070.125,2254.000,안정,11.000,04,안정,04,1.000,안정,04,20260211,02,상순,02,중순,20260212,5991.059,5879.324,5446.829,5238.000,7343.328,6610.000,,0.000,,,,0.000,,,20260211,02,상순,02,중순,20260212,20260227101503
20260213,1001,배추,0,-8.132,-8.028,2586.667,2904.778,2794.333,2982.000,4721.042,2816.000,안정,17.000,04,안정,04,1.000,안정,04,20260212,02,상순,02,중순,20260213,4899.792,4890.000,4896.250,4671.000,5158.237,3767.000,,0.000,,,,0.000,,,20260212,02,상순,02,중순,20260213,20260303104504
20260213,1101,무,0,50.333,2.728,1807.300,1598.617,1758.000,1502.000,2907.250,1202.000,상승심각,1.000,07,상승경계,06,1.000,상승경계,06,20260212,02,상순,02,중순,20260213,2206.585,2153.084,2182.250,2003.000,3255.731,1876.000,,0.000,,,,0.000,,,20260212,02,상순,02,중순,20260213,20260303104504
20260213,1207,건고추,0,0.816,0.000,13104.000,13104.000,13104.000,13104.000,13061.917,12998.000,안정,154.000,04,안정,04,1.000,안정,04,20260211,02,상순,02,중순,20260212,17060.870,17060.870,17060.870,17059.000,17678.788,17514.000,,0.000,,,,0.000,,,20260211,02,상순,02,중순,20260212,20260303104504
20260213,1209,마늘,0,7.606,0.000,8050.000,8050.000,8050.000,8050.000,7235.938,7481.000,안정,111.000,04,안정,04,1.000,안정,04,20260211,02,상순,02,중순,20260212,9932.200,10250.520,10717.400,10555.000,11165.413,11273.000,,0.000,,,,0.000,,,20260211,02,상순,02,중순,20260212,20260303104504
20260213,1201,양파,0,-27.474,1.431,1048.000,1061.667,1033.000,988.000,1567.250,1445.000,안정,2.000,04,안정,04,1.000,하락주의,03,20260212,02,상순,02,중순,20260213,1981.200,2170.840,1977.000,2215.000,2753.525,2484.000,,0.000,,,,0.000,,,20260212,02,상순,02,중순,20260213,20260303104504
20260213,1202,대파,0,8.518,7.563,2446.000,2073.833,2261.000,1658.000,2070.125,2254.000,안정,12.000,04,안정,04,1.000,안정,04,20260212,02,상순,02,중순,20260213,6481.236,5879.324,5991.059,5238.000,7343.328,6610.000,,0.000,,,,0.000,,,20260212,02,상순,02,중순,20260213,20260303104504
20260214,1001,배추,0,-3.800,4.516,2709.000,2904.778,2586.667,2982.000,4721.042,2816.000,안정,18.000,04,안정,04,1.000,안정,04,20260213,02,상순,02,중순,20260214,4899.792,4890.000,4896.250,4671.000,5158.237,3767.000,,0.000,,,,0.000,,,20260212,02,상순,02,중순,20260213,20260303150003
20260214,1101,무,0,30.782,-14.961,1572.100,1598.617,1807.300,1502.000,2907.250,1202.000,상승경계,1.000,06,상승경계,06,1.000,상승경계,06,20260213,02,상순,02,중순,20260214,2206.585,2153.084,2182.250,2003.000,3255.731,1876.000,,0.000,,,,0.000,,,20260212,02,상순,02,중순,20260213,20260303150003
20260214,1207,건고추,0,0.816,0.000,13104.000,13104.000,13104.000,13104.000,13061.917,12998.000,안정,155.000,04,안정,04,1.000,안정,04,20260212,02,상순,02,중순,20260213,17060.870,17060.870,17060.870,17059.000,17678.788,17514.000,,0.000,,,,0.000,,,20260212,02,상순,02,중순,20260213,20260303150003
20260214,1209,마늘,0,7.606,0.000,8050.000,8050.000,8050.000,8050.000,7235.938,7481.000,안정,112.000,04,안정,04,1.000,안정,04,20260212,02,상순,02,중순,20260213,9876.200,10250.520,9932.200,10555.000,11165.413,11273.000,,0.000,,,,0.000,,,20260212,02,상순,02,중순,20260213,20260303150003
20260214,1201,양파,0,-21.315,7.828,1137.000,1061.667,1048.000,988.000,1567.250,1445.000,안정,3.000,04,안정,04,1.000,하락주의,03,20260213,02,상순,02,중순,20260214,1981.200,2170.840,1977.000,2215.000,2753.525,2484.000,,0.000,,,,0.000,,,20260212,02,상순,02,중순,20260213,20260303150003
20260214,1202,대파,0,4.658,-3.688,2359.000,2073.833,2446.000,1658.000,2070.125,2254.000,안정,13.000,04,안정,04,1.000,안정,04,20260213,02,상순,02,중순,20260214,6481.236,5879.324,5991.059,5238.000,7343.328,6610.000,,0.000,,,,0.000,,,20260212,02,상순,02,중순,20260213,20260303150003
20260215,1001,배추,0,-3.800,4.516,2709.000,2904.778,2586.667,2982.000,4721.042,2816.000,안정,18.000,04,안정,04,1.000,안정,04,20260213,02,상순,02,중순,20260214,4899.792,4890.000,4896.250,4671.000,5158.237,3767.000,,0.000,,,,0.000,,,20260212,02,상순,02,중순,20260213,20260303201503
20260215,1101,무,0,30.782,-14.961,1572.100,1598.617,1807.300,1502.000,2907.250,1202.000,상승경계,1.000,06,상승경계,06,1.000,상승경계,06,20260213,02,상순,02,중순,20260214,2206.585,2153.084,2182.250,2003.000,3255.731,1876.000,,0.000,,,,0.000,,,20260212,02,상순,02,중순,20260213,20260303201503
20260215,1207,건고추,0,0.816,0.000,13104.000,13104.000,13104.000,13104.000,13061.917,12998.000,안정,155.000,04,안정,04,1.000,안정,04,20260212,02,상순,02,중순,20260213,17060.870,17060.870,17060.870,17059.000,17678.788,17514.000,,0.000,,,,0.000,,,20260212,02,상순,02,중순,20260213,20260303201503
20260215,1209,마늘,0,7.606,0.000,8050.000,8050.000,8050.000,8050.000,7235.938,7481.000,안정,112.000,04,안정,04,1.000,안정,04,20260212,02,상순,02,중순,20260213,9876.200,10250.520,9932.200,10555.000,11165.413,11273.000,,0.000,,,,0.000,,,20260212,02,상순,02,중순,20260213,20260303201503
20260215,1201,양파,0,-21.315,7.828,1137.000,1061.667,1048.000,988.000,1567.250,1445.000,안정,3.000,04,안정,04,1.000,하락주의,03,20260213,02,상순,02,중순,20260214,1981.200,2170.840,1977.000,2215.000,2753.525,2484.000,,0.000,,,,0.000,,,20260212,02,상순,02,중순,20260213,20260303201503
20260215,1202,대파,0,4.658,-3.688,2359.000,2073.833,2446.000,1658.000,2070.125,2254.000,안정,13.000,04,안정,04,1.000,안정,04,20260213,02,상순,02,중순,20260214,6481.236,5879.324,5991.059,5238.000,7343.328,6610.000,,0.000,,,,0.000,,,20260212,02,상순,02,중순,20260213,20260303201503
20260216,1001,배추,0,13.601,15.317,3199.000,2904.778,2709.000,2982.000,4721.042,2816.000,안정,19.000,04,안정,04,1.000,안정,04,20260214,02,상순,02,중순,20260216,4899.792,4890.000,4896.250,4671.000,5158.237,3767.000,,0.000,,,,0.000,,,20260212,02,상순,02,중순,20260213,20260304090002
20260216,1101,무,0,12.313,-16.486,1349.600,1598.617,1572.100,1502.000,2907.250,1202.000,안정,1.000,04,상승경계,06,1.000,상승경계,06,20260214,02,상순,02,중순,20260216,2206.585,2153.084,2182.250,2003.000,3255.731,1876.000,,0.000,,,,0.000,,,20260212,02,상순,02,중순,20260213,20260304090002
20260216,1207,건고추,0,0.816,0.000,13104.000,13104.000,13104.000,13104.000,13061.917,12998.000,안정,155.000,04,안정,04,1.000,안정,04,20260212,02,상순,02,중순,20260213,17060.870,17060.870,17060.870,17059.000,17678.788,17514.000,,0.000,,,,0.000,,,20260212,02,상순,02,중순,20260213,20260304090002
20260216,1209,마늘,0,7.606,0.000,8050.000,8050.000,8050.000,8050.000,7235.938,7481.000,안정,112.000,04,안정,04,1.000,안정,04,20260212,02,상순,02,중순,20260213,9876.200,10250.520,9932.200,10555.000,11165.413,11273.000,,0.000,,,,0.000,,,20260212,02,상순,02,중순,20260213,20260304090002
20260216,1201,양파,0,-21.315,0.000,1137.000,1061.667,1137.000,988.000,1567.250,1445.000,안정,4.000,04,안정,04,1.000,하락주의,03,20260214,02,상순,02,중순,20260216,1981.200,2170.840,1977.000,2215.000,2753.525,2484.000,,0.000,,,,0.000,,,20260212,02,상순,02,중순,20260213,20260304090002
20260216,1202,대파,0,-45.652,-92.571,1225.000,2073.833,2359.000,1658.000,2070.125,2254.000,하락경계,1.000,02,안정,04,1.000,안정,04,20260214,02,상순,02,중순,20260216,6481.236,5879.324,5991.059,5238.000,7343.328,6610.000,,0.000,,,,0.000,,,20260212,02,상순,02,중순,20260213,20260304090002
20260217,1001,배추,0,13.601,15.317,3199.000,2904.778,2709.000,2982.000,4721.042,2816.000,안정,19.000,04,안정,04,1.000,안정,04,20260214,02,상순,02,중순,20260216,4899.792,4890.000,4896.250,4671.000,5158.237,3767.000,,0.000,,,,0.000,,,20260212,02,상순,02,중순,20260213,20260304181503
20260217,1101,무,0,12.313,-16.486,1349.600,1598.617,1572.100,1502.000,2907.250,1202.000,안정,1.000,04,상승경계,06,1.000,상승경계,06,20260214,02,상순,02,중순,20260216,2206.585,2153.084,2182.250,2003.000,3255.731,1876.000,,0.000,,,,0.000,,,20260212,02,상순,02,중순,20260213,20260304181503
20260217,1207,건고추,0,0.816,0.000,13104.000,13104.000,13104.000,13104.000,13061.917,12998.000,안정,155.000,04,안정,04,1.000,안정,04,20260212,02,상순,02,중순,20260213,17060.870,17060.870,17060.870,17059.000,17678.788,17514.000,,0.000,,,,0.000,,,20260212,02,상순,02,중순,20260213,20260304181503
20260217,1209,마늘,0,7.606,0.000,8050.000,8050.000,8050.000,8050.000,7235.938,7481.000,안정,112.000,04,안정,04,1.000,안정,04,20260212,02,상순,02,중순,20260213,9876.200,10250.520,9932.200,10555.000,11165.413,11273.000,,0.000,,,,0.000,,,20260212,02,상순,02,중순,20260213,20260304181503
20260217,1201,양파,0,-21.315,0.000,1137.000,1061.667,1137.000,988.000,1567.250,1445.000,안정,4.000,04,안정,04,1.000,하락주의,03,20260214,02,상순,02,중순,20260216,1981.200,2170.840,1977.000,2215.000,2753.525,2484.000,,0.000,,,,0.000,,,20260212,02,상순,02,중순,20260213,20260304181503
20260217,1202,대파,0,-45.652,-92.571,1225.000,2073.833,2359.000,1658.000,2070.125,2254.000,하락경계,1.000,02,안정,04,1.000,안정,04,20260214,02,상순,02,중순,20260216,6481.236,5879.324,5991.059,5238.000,7343.328,6610.000,,0.000,,,,0.000,,,20260212,02,상순,02,중순,20260213,20260304181503
20260218,1207,건고추,0,0.816,0.000,13104.000,13104.000,13104.000,13104.000,13061.917,12998.000,안정,155.000,04,안정,04,1.000,안정,04,20260212,02,상순,02,중순,20260213,17060.870,17060.870,17060.870,17059.000,17678.788,17514.000,,0.000,,,,0.000,,,20260212,02,상순,02,중순,20260213,20260305101502
20260218,1209,마늘,0,7.606,0.000,8050.000,8050.000,8050.000,8050.000,7235.938,7481.000,안정,112.000,04,안정,04,1.000,안정,04,20260212,02,상순,02,중순,20260213,9876.200,10250.520,9932.200,10555.000,11165.413,11273.000,,0.000,,,,0.000,,,20260212,02,상순,02,중순,20260213,20260305101502
20260218,1201,양파,0,-21.315,0.000,1137.000,1061.667,1137.000,988.000,1567.250,1445.000,안정,4.000,04,안정,04,1.000,하락주의,03,20260214,02,상순,02,중순,20260216,1981.200,2170.840,1977.000,2215.000,2753.525,2484.000,,0.000,,,,0.000,,,20260212,02,상순,02,중순,20260213,20260305101502
20260218,1202,대파,0,-45.652,-92.571,1225.000,2073.833,2359.000,1658.000,2070.125,2254.000,하락경계,1.000,02,안정,04,1.000,안정,04,20260214,02,상순,02,중순,20260216,6481.236,5879.324,5991.059,5238.000,7343.328,6610.000,,0.000,,,,0.000,,,20260212,02,상순,02,중순,20260213,20260305101502
20260218,1001,배추,0,13.601,15.317,3199.000,2904.778,2709.000,2982.000,4721.042,2816.000,안정,19.000,04,안정,04,1.000,안정,04,20260214,02,상순,02,중순,20260216,4899.792,4890.000,4896.250,4671.000,5158.237,3767.000,,0.000,,,,0.000,,,20260212,02,상순,02,중순,20260213,20260305101502
20260218,1101,무,0,12.313,-16.486,1349.600,1598.617,1572.100,1502.000,2907.250,1202.000,안정,1.000,04,상승경계,06,1.000,상승경계,06,20260214,02,상순,02,중순,20260216,2206.585,2153.084,2182.250,2003.000,3255.731,1876.000,,0.000,,,,0.000,,,20260212,02,상순,02,중순,20260213,20260305101502
20260219,1001,배추,0,13.601,15.317,3199.000,2904.778,2709.000,2982.000,4721.042,2816.000,안정,19.000,04,안정,04,1.000,안정,04,20260214,02,상순,02,중순,20260216,4953.958,4890.000,4899.792,4671.000,5158.237,3767.000,,0.000,,,,0.000,,,20260213,02,상순,02,중순,20260219,20260306094502
20260219,1101,무,0,12.313,-16.486,1349.600,1598.617,1572.100,1502.000,2907.250,1202.000,안정,1.000,04,상승경계,06,1.000,상승경계,06,20260214,02,상순,02,중순,20260216,2229.268,2153.084,2206.585,2003.000,3255.731,1876.000,,0.000,,,,0.000,,,20260213,02,상순,02,중순,20260219,20260306094502
20260219,1207,건고추,0,0.816,0.000,13104.000,13104.000,13104.000,13104.000,13061.917,12998.000,안정,155.000,04,안정,04,1.000,안정,04,20260212,02,상순,02,중순,20260213,17060.870,17060.870,17060.870,17059.000,17678.788,17514.000,,0.000,,,,0.000,,,20260212,02,상순,02,중순,20260213,20260306094502
20260219,1209,마늘,0,7.606,0.000,8050.000,8050.000,8050.000,8050.000,7235.938,7481.000,안정,112.000,04,안정,04,1.000,안정,04,20260212,02,상순,02,중순,20260213,9876.200,10250.520,9932.200,10555.000,11165.413,11273.000,,0.000,,,,0.000,,,20260212,02,상순,02,중순,20260213,20260306094502
20260219,1201,양파,0,-21.315,0.000,1137.000,1061.667,1137.000,988.000,1567.250,1445.000,안정,4.000,04,안정,04,1.000,하락주의,03,20260214,02,상순,02,중순,20260216,2375.800,2170.840,1981.200,2215.000,2753.525,2484.000,,0.000,,,,0.000,,,20260213,02,상순,02,중순,20260219,20260306094502
20260219,1202,대파,0,-45.652,-92.571,1225.000,2073.833,2359.000,1658.000,2070.125,2254.000,하락경계,1.000,02,안정,04,1.000,안정,04,20260214,02,상순,02,중순,20260216,5840.235,5879.324,6481.236,5238.000,7343.328,6610.000,,0.000,,,,0.000,,,20260213,02,상순,02,중순,20260219,20260306094502
20260220,1001,배추,0,2.699,-10.628,2891.667,2904.778,3199.000,2982.000,4721.042,2816.000,안정,20.000,04,안정,04,1.000,안정,04,20260216,02,상순,02,중순,20260220,4924.167,4890.000,4953.958,4671.000,5158.237,3767.000,,0.000,,,,0.000,,,20260219,02,상순,02,중순,20260220,20260309103003
20260220,1101,무,0,26.705,11.391,1523.100,1598.617,1349.600,1502.000,2907.250,1202.000,상승주의,1.000,05,상승경계,06,1.000,상승경계,06,20260216,02,상순,02,중순,20260220,2144.390,2153.084,2229.268,2003.000,3255.731,1876.000,,0.000,,,,0.000,,,20260219,02,상순,02,중순,20260220,20260309103003
20260220,1207,건고추,0,0.816,0.000,13104.000,13104.000,13104.000,13104.000,13061.917,12998.000,안정,156.000,04,안정,04,1.000,안정,04,20260213,02,상순,02,중순,20260219,17060.870,17060.870,17060.870,17059.000,17678.788,17514.000,,0.000,,,,0.000,,,20260213,02,상순,02,중순,20260219,20260309103003
20260220,1209,마늘,0,7.606,0.000,8050.000,8050.000,8050.000,8050.000,7235.938,7481.000,안정,113.000,04,안정,04,1.000,안정,04,20260213,02,상순,02,중순,20260219,10180.200,10250.520,9876.200,10555.000,11165.413,11273.000,,0.000,,,,0.000,,,20260213,02,상순,02,중순,20260219,20260309103003
20260220,1201,양파,0,-29.689,-11.909,1016.000,1061.667,1137.000,988.000,1567.250,1445.000,하락주의,1.000,03,안정,04,1.000,하락주의,03,20260216,02,상순,02,중순,20260220,2375.600,2170.840,2375.800,2215.000,2753.525,2484.000,,0.000,,,,0.000,,,20260219,02,상순,02,중순,20260220,20260309103003
20260220,1202,대파,0,-24.445,28.068,1703.000,2073.833,1225.000,1658.000,2070.125,2254.000,안정,1.000,04,안정,04,1.000,안정,04,20260216,02,상순,02,중순,20260220,5637.262,5879.324,5840.235,5238.000,7343.328,6610.000,,0.000,,,,0.000,,,20260219,02,상순,02,중순,20260220,20260309103003
20260221,1001,배추,0,1.775,3.040,2982.333,3141.048,2891.667,2905.000,5051.571,2930.000,안정,21.000,04,안정,04,1.000,상승주의,05,20260220,02,중순,02,하순,20260221,4924.167,5122.042,4953.958,4890.000,5189.861,4126.000,,0.000,,,,0.000,,,20260219,02,중순,02,하순,20260220,20260309150002
20260221,1101,무,0,35.784,8.363,1662.100,1491.486,1523.100,1599.000,2754.643,1224.000,상승경계,1.000,06,상승주의,05,1.000,상승경계,06,20260220,02,중순,02,하순,20260221,2144.390,2262.590,2229.268,2153.000,3231.435,1852.000,,0.000,,,,0.000,,,20260219,02,중순,02,하순,20260220,20260309150002
20260221,1207,건고추,0,0.460,0.000,13104.000,13104.000,13104.000,13104.000,13235.000,13044.000,안정,157.000,04,안정,04,1.000,안정,04,20260219,02,중순,02,하순,20260220,17060.870,17045.217,17060.870,17061.000,17727.381,17547.000,,0.000,,,,0.000,,,20260219,02,중순,02,하순,20260220,20260309150002
20260221,1209,마늘,0,6.580,0.000,8050.000,8050.000,8050.000,8050.000,7409.524,7553.000,안정,114.000,04,안정,04,1.000,안정,04,20260219,02,중순,02,하순,20260220,10546.600,10666.760,10180.200,10251.000,10918.354,11107.000,,0.000,,,,0.000,,,20260219,02,중순,02,하순,20260220,20260309150002
20260221,1201,양파,0,-36.711,-2.316,993.000,958.429,1016.000,1062.000,1672.857,1569.000,하락주의,2.000,03,하락주의,03,1.000,하락심각,01,20260220,02,중순,02,하순,20260221,2375.600,2305.040,2375.800,2171.000,2829.767,2586.000,,0.000,,,,0.000,,,20260219,02,중순,02,하순,20260220,20260309150002
20260221,1202,대파,0,-37.330,-8.957,1563.000,1494.571,1703.000,2074.000,2041.714,2494.000,안정,2.000,04,안정,04,1.000,안정,04,20260220,02,중순,02,하순,20260221,5637.262,5442.785,5840.235,5879.000,7288.798,6149.000,,0.000,,,,0.000,,,20260219,02,중순,02,하순,20260220,20260309150002
20260222,1001,배추,0,1.775,3.040,2982.333,3141.048,2891.667,2905.000,5051.571,2930.000,안정,21.000,04,안정,04,1.000,상승주의,05,20260220,02,중순,02,하순,20260221,4924.167,5122.042,4953.958,4890.000,5189.861,4126.000,,0.000,,,,0.000,,,20260219,02,중순,02,하순,20260220,20260310091503
20260222,1101,무,0,35.784,8.363,1662.100,1491.486,1523.100,1599.000,2754.643,1224.000,상승경계,1.000,06,상승주의,05,1.000,상승경계,06,20260220,02,중순,02,하순,20260221,2144.390,2262.590,2229.268,2153.000,3231.435,1852.000,,0.000,,,,0.000,,,20260219,02,중순,02,하순,20260220,20260310091503
20260222,1207,건고추,0,0.460,0.000,13104.000,13104.000,13104.000,13104.000,13235.000,13044.000,안정,157.000,04,안정,04,1.000,안정,04,20260219,02,중순,02,하순,20260220,17060.870,17045.217,17060.870,17061.000,17727.381,17547.000,,0.000,,,,0.000,,,20260219,02,중순,02,하순,20260220,20260310091503
20260222,1209,마늘,0,6.580,0.000,8050.000,8050.000,8050.000,8050.000,7409.524,7553.000,안정,114.000,04,안정,04,1.000,안정,04,20260219,02,중순,02,하순,20260220,10546.600,10666.760,10180.200,10251.000,10918.354,11107.000,,0.000,,,,0.000,,,20260219,02,중순,02,하순,20260220,20260310091503
20260222,1201,양파,0,-36.711,-2.316,993.000,958.429,1016.000,1062.000,1672.857,1569.000,하락주의,2.000,03,하락주의,03,1.000,하락심각,01,20260220,02,중순,02,하순,20260221,2375.600,2305.040,2375.800,2171.000,2829.767,2586.000,,0.000,,,,0.000,,,20260219,02,중순,02,하순,20260220,20260310091503
20260222,1202,대파,0,-37.330,-8.957,1563.000,1494.571,1703.000,2074.000,2041.714,2494.000,안정,2.000,04,안정,04,1.000,안정,04,20260220,02,중순,02,하순,20260221,5637.262,5442.785,5840.235,5879.000,7288.798,6149.000,,0.000,,,,0.000,,,20260219,02,중순,02,하순,20260220,20260310091503
20260223,1001,배추,0,10.034,7.505,3224.333,3141.048,2982.333,2905.000,5051.571,2930.000,안정,22.000,04,안정,04,1.000,상승주의,05,20260221,02,중순,02,하순,20260223,5013.333,5122.042,4924.167,4890.000,5189.861,4126.000,,0.000,,,,0.000,,,20260220,02,중순,02,하순,20260223,20260310124502
20260223,1101,무,0,32.190,-2.751,1617.600,1491.486,1662.100,1599.000,2754.643,1224.000,상승경계,2.000,06,상승주의,05,1.000,상승경계,06,20260221,02,중순,02,하순,20260223,2258.537,2262.590,2144.390,2153.000,3231.435,1852.000,,0.000,,,,0.000,,,20260220,02,중순,02,하순,20260223,20260310124502
20260223,1207,건고추,0,0.460,0.000,13104.000,13104.000,13104.000,13104.000,13235.000,13044.000,안정,157.000,04,안정,04,1.000,안정,04,20260219,02,중순,02,하순,20260220,17060.870,17045.217,17060.870,17061.000,17727.381,17547.000,,0.000,,,,0.000,,,20260219,02,중순,02,하순,20260220,20260310124502
20260223,1209,마늘,0,6.580,0.000,8050.000,8050.000,8050.000,8050.000,7409.524,7553.000,안정,114.000,04,안정,04,1.000,안정,04,20260219,02,중순,02,하순,20260220,10546.600,10666.760,10180.200,10251.000,10918.354,11107.000,,0.000,,,,0.000,,,20260219,02,중순,02,하순,20260220,20260310124502
20260223,1201,양파,0,-36.265,0.700,1000.000,958.429,993.000,1062.000,1672.857,1569.000,하락주의,3.000,03,하락주의,03,1.000,하락심각,01,20260221,02,중순,02,하순,20260223,2303.600,2305.040,2375.600,2171.000,2829.767,2586.000,,0.000,,,,0.000,,,20260220,02,중순,02,하순,20260223,20260310124502
20260223,1202,대파,0,-41.099,-6.399,1469.000,1494.571,1563.000,2074.000,2041.714,2494.000,안정,3.000,04,안정,04,1.000,안정,04,20260221,02,중순,02,하순,20260223,5879.176,5442.785,5637.262,5879.000,7288.798,6149.000,,0.000,,,,0.000,,,20260220,02,중순,02,하순,20260223,20260310124502
20260224,1001,배추,0,7.611,-2.252,3153.333,3141.048,3224.333,2905.000,5051.571,2930.000,안정,23.000,04,안정,04,1.000,상승주의,05,20260223,02,중순,02,하순,20260224,5110.000,5122.042,5013.333,4890.000,5189.861,4126.000,,0.000,,,,0.000,,,20260223,02,중순,02,하순,20260224,20260311130003
20260224,1101,무,0,25.980,-4.882,1542.300,1491.486,1617.600,1599.000,2754.643,1224.000,상승주의,1.000,05,상승주의,05,1.000,상승경계,06,20260223,02,중순,02,하순,20260224,2240.976,2262.590,2258.537,2153.000,3231.435,1852.000,,0.000,,,,0.000,,,20260223,02,중순,02,하순,20260224,20260311130003
20260224,1207,건고추,0,0.460,0.000,13104.000,13104.000,13104.000,13104.000,13235.000,13044.000,안정,158.000,04,안정,04,1.000,안정,04,20260220,02,중순,02,하순,20260223,17060.870,17045.217,17060.870,17061.000,17727.381,17547.000,,0.000,,,,0.000,,,20260220,02,중순,02,하순,20260223,20260311130003
20260224,1209,마늘,0,6.580,0.000,8050.000,8050.000,8050.000,8050.000,7409.524,7553.000,안정,115.000,04,안정,04,1.000,안정,04,20260220,02,중순,02,하순,20260223,10978.000,10666.760,10546.600,10251.000,10918.354,11107.000,,0.000,,,,0.000,,,20260220,02,중순,02,하순,20260223,20260311130003
20260224,1201,양파,0,-37.094,-1.317,987.000,958.429,1000.000,1062.000,1672.857,1569.000,하락주의,4.000,03,하락주의,03,1.000,하락심각,01,20260223,02,중순,02,하순,20260224,2300.400,2305.040,2303.600,2171.000,2829.767,2586.000,,0.000,,,,0.000,,,20260223,02,중순,02,하순,20260224,20260311130003
20260224,1202,대파,0,-36.407,7.377,1586.000,1494.571,1469.000,2074.000,2041.714,2494.000,안정,4.000,04,안정,04,1.000,안정,04,20260223,02,중순,02,하순,20260224,5585.904,5442.785,5879.176,5879.000,7288.798,6149.000,,0.000,,,,0.000,,,20260223,02,중순,02,하순,20260224,20260311130003
20260225,1001,배추,0,9.147,1.386,3197.667,3141.048,3153.333,2905.000,5051.571,2930.000,안정,24.000,04,안정,04,1.000,상승주의,05,20260224,02,중순,02,하순,20260225,5118.542,5122.042,5110.000,4890.000,5189.861,4126.000,,0.000,,,,0.000,,,20260224,02,중순,02,하순,20260225,20260312093003
20260225,1101,무,0,24.183,-1.447,1520.300,1491.486,1542.300,1599.000,2754.643,1224.000,상승주의,2.000,05,상승주의,05,1.000,상승경계,06,20260224,02,중순,02,하순,20260225,2231.707,2262.590,2240.976,2153.000,3231.435,1852.000,,0.000,,,,0.000,,,20260224,02,중순,02,하순,20260225,20260312093003
20260225,1207,건고추,0,0.460,0.000,13104.000,13104.000,13104.000,13104.000,13235.000,13044.000,안정,159.000,04,안정,04,1.000,안정,04,20260223,02,중순,02,하순,20260224,17034.783,17045.217,17060.870,17061.000,17727.381,17547.000,,0.000,,,,0.000,,,20260223,02,중순,02,하순,20260224,20260312093003
20260225,1209,마늘,0,6.580,0.000,8050.000,8050.000,8050.000,8050.000,7409.524,7553.000,안정,116.000,04,안정,04,1.000,안정,04,20260223,02,중순,02,하순,20260224,11050.600,10666.760,10978.000,10251.000,10918.354,11107.000,,0.000,,,,0.000,,,20260223,02,중순,02,하순,20260224,20260312093003
20260225,1201,양파,0,-39.834,-4.555,944.000,958.429,987.000,1062.000,1672.857,1569.000,하락경계,1.000,02,하락주의,03,1.000,하락심각,01,20260224,02,중순,02,하순,20260225,2292.400,2305.040,2300.400,2171.000,2829.767,2586.000,,0.000,,,,0.000,,,20260224,02,중순,02,하순,20260225,20260312093003
20260225,1202,대파,0,-42.502,-10.600,1434.000,1494.571,1586.000,2074.000,2041.714,2494.000,안정,5.000,04,안정,04,1.000,안정,04,20260224,02,중순,02,하순,20260225,5652.381,5442.785,5585.904,5879.000,7288.798,6149.000,,0.000,,,,0.000,,,20260224,02,중순,02,하순,20260225,20260312093003
20260226,1001,배추,0,12.082,2.639,3284.333,3141.048,3197.667,2905.000,5051.571,2930.000,상승주의,1.000,05,안정,04,1.000,상승주의,05,20260225,02,중순,02,하순,20260226,5170.208,5122.042,5118.542,4890.000,5189.861,4126.000,,0.000,,,,0.000,,,20260225,02,중순,02,하순,20260226,20260313100002
20260226,1101,무,0,14.461,-8.484,1401.400,1491.486,1520.300,1599.000,2754.643,1224.000,상승주의,3.000,05,상승주의,05,1.000,상승경계,06,20260225,02,중순,02,하순,20260226,2271.143,2262.590,2231.707,2153.000,3231.435,1852.000,,0.000,,,,0.000,,,20260225,02,중순,02,하순,20260226,20260313100002
20260226,1207,건고추,0,0.460,0.000,13104.000,13104.000,13104.000,13104.000,13235.000,13044.000,안정,160.000,04,안정,04,1.000,안정,04,20260224,02,중순,02,하순,20260225,17034.783,17045.217,17034.783,17061.000,17727.381,17547.000,,0.000,,,,0.000,,,20260224,02,중순,02,하순,20260225,20260313100002
20260226,1209,마늘,0,6.580,0.000,8050.000,8050.000,8050.000,8050.000,7409.524,7553.000,안정,117.000,04,안정,04,1.000,안정,04,20260224,02,중순,02,하순,20260225,10981.800,10666.760,11050.600,10251.000,10918.354,11107.000,,0.000,,,,0.000,,,20260224,02,중순,02,하순,20260225,20260313100002
20260226,1201,양파,0,-41.109,-2.165,924.000,958.429,944.000,1062.000,1672.857,1569.000,하락경계,2.000,02,하락주의,03,1.000,하락심각,01,20260225,02,중순,02,하순,20260226,2317.000,2305.040,2292.400,2171.000,2829.767,2586.000,,0.000,,,,0.000,,,20260225,02,중순,02,하순,20260226,20260313100002
20260226,1202,대파,0,-38.212,6.944,1541.000,1494.571,1434.000,2074.000,2041.714,2494.000,안정,6.000,04,안정,04,1.000,안정,04,20260225,02,중순,02,하순,20260226,5104.756,5442.785,5652.381,5879.000,7288.798,6149.000,,0.000,,,,0.000,,,20260225,02,중순,02,하순,20260226,20260313100002
20260227,1001,배추,0,6.758,-5.009,3127.667,3141.048,3284.333,2905.000,5051.571,2930.000,안정,1.000,04,안정,04,1.000,상승주의,05,20260226,02,중순,02,하순,20260227,5198.125,5122.042,5170.208,4890.000,5189.861,4126.000,,0.000,,,,0.000,,,20260226,02,중순,02,하순,20260227,20260316131503
20260227,1101,무,0,8.987,-5.045,1334.100,1491.486,1401.400,1599.000,2754.643,1224.000,안정,1.000,04,상승주의,05,1.000,상승경계,06,20260226,02,중순,02,하순,20260227,2310.588,2262.590,2271.143,2153.000,3231.435,1852.000,,0.000,,,,0.000,,,20260226,02,중순,02,하순,20260227,20260316131503
20260227,1207,건고추,0,0.460,0.000,13104.000,13104.000,13104.000,13104.000,13235.000,13044.000,안정,161.000,04,안정,04,1.000,안정,04,20260225,02,중순,02,하순,20260226,17047.826,17045.217,17034.783,17061.000,17727.381,17547.000,,0.000,,,,0.000,,,20260225,02,중순,02,하순,20260226,20260316131503
20260227,1209,마늘,0,6.580,0.000,8050.000,8050.000,8050.000,8050.000,7409.524,7553.000,안정,118.000,04,안정,04,1.000,안정,04,20260225,02,중순,02,하순,20260226,10189.800,10666.760,10981.800,10251.000,10918.354,11107.000,,0.000,,,,0.000,,,20260225,02,중순,02,하순,20260226,20260316131503
20260227,1201,양파,0,-41.109,0.000,924.000,958.429,924.000,1062.000,1672.857,1569.000,하락경계,3.000,02,하락주의,03,1.000,하락심각,01,20260226,02,중순,02,하순,20260227,2311.800,2305.040,2317.000,2171.000,2829.767,2586.000,,0.000,,,,0.000,,,20260226,02,중순,02,하순,20260227,20260316131503
20260227,1202,대파,0,-43.464,-9.291,1410.000,1494.571,1541.000,2074.000,2041.714,2494.000,안정,7.000,04,안정,04,1.000,안정,04,20260226,02,중순,02,하순,20260227,4991.707,5442.785,5104.756,5879.000,7288.798,6149.000,,0.000,,,,0.000,,,20260226,02,중순,02,하순,20260227,20260316131503
20260228,1001,배추,0,3.003,-3.645,3017.667,3141.048,3127.667,2905.000,5051.571,2930.000,안정,2.000,04,안정,04,1.000,상승주의,05,20260227,02,중순,02,하순,20260228,5198.125,5122.042,5170.208,4890.000,5189.861,4126.000,,0.000,,,,0.000,,,20260226,02,중순,02,하순,20260227,20260316181503
20260228,1101,무,0,11.356,2.092,1362.600,1491.486,1334.100,1599.000,2754.643,1224.000,안정,2.000,04,상승주의,05,1.000,상승경계,06,20260227,02,중순,02,하순,20260228,2310.588,2262.590,2271.143,2153.000,3231.435,1852.000,,0.000,,,,0.000,,,20260226,02,중순,02,하순,20260227,20260316181503
20260228,1207,건고추,0,0.460,0.000,13104.000,13104.000,13104.000,13104.000,13235.000,13044.000,안정,162.000,04,안정,04,1.000,안정,04,20260226,02,중순,02,하순,20260227,17047.826,17045.217,17047.826,17061.000,17727.381,17547.000,,0.000,,,,0.000,,,20260226,02,중순,02,하순,20260227,20260316181503
20260228,1209,마늘,0,6.580,0.000,8050.000,8050.000,8050.000,8050.000,7409.524,7553.000,안정,119.000,04,안정,04,1.000,안정,04,20260226,02,중순,02,하순,20260227,10133.600,10666.760,10189.800,10251.000,10918.354,11107.000,,0.000,,,,0.000,,,20260226,02,중순,02,하순,20260227,20260316181503
20260228,1201,양파,0,-40.280,1.387,937.000,958.429,924.000,1062.000,1672.857,1569.000,하락경계,4.000,02,하락주의,03,1.000,하락심각,01,20260227,02,중순,02,하순,20260228,2311.800,2305.040,2317.000,2171.000,2829.767,2586.000,,0.000,,,,0.000,,,20260226,02,중순,02,하순,20260227,20260316181503
20260228,1202,대파,0,-41.500,3.358,1459.000,1494.571,1410.000,2074.000,2041.714,2494.000,안정,8.000,04,안정,04,1.000,안정,04,20260227,02,중순,02,하순,20260228,4991.707,5442.785,5104.756,5879.000,7288.798,6149.000,,0.000,,,,0.000,,,20260226,02,중순,02,하순,20260227,20260316181503
